id;street_address;postal_code;city;state_province
83c6f07c-8cab-43a8-9025-6c92c5830c48;International generating;Chief;Lake Jovanburgh;Gold harness
4cc4e692-3cff-4211-84d4-0e923511ed92;blue;SAS SDD 17(E.U.A.-17);Lake Tylermouth;Venezuela Plastic
0dde6c35-657d-4894-805d-295f8080641a;Liaison Tactics infomediaries;turn-key synthesize;Jeramieberg;Technician calculating Jewelery
087dc50c-762e-4c0c-87d0-88fb6223146f;bandwidth blue drive;wireless payment Nigeria;North Samir;Market Colorado utilisation
740ff7a5-55a7-45d8-bf55-a41d465d0fd5;Tasty Pike;Movies;North Savannah;Liberia Franc
a73a8230-b6eb-475e-b332-7389df603ceb;azure;transitional;Streichstad;Shoals Causeway
81146d3c-b187-48c9-9624-813df3ed4f8d;payment Avon;parsing Zimbabwe Concrete;East Pauline;portals bi-directional
266e061f-3920-4731-9de7-64d37096bc39;Garden Persevering even-keeled;Borders Buckinghamshire SMS;Port Aminafurt;dedicated compressing
00d76bc6-4fea-4ecf-b94e-cabe5a8e83be;Future optical proactive;Refined primary;Prohaskachester;alarm even-keeled navigating
29006615-7beb-461a-9a31-359001089add;hard invoice;withdrawal Spain;Ullrichmouth;Nakfa
