id;country_name
53db2073-5f33-4b2a-a071-ba518a74547d;through yowza about
4bef2721-02e2-4a01-8c91-88761680c4f0;character
808eb922-80c7-4630-818b-4bdc33b98339;ick
d4eac0ff-4058-477a-a824-abde1cf368cf;cinema though geez
e8eae90c-176d-42b4-92dd-09c9b5351af5;self-assured
5eec8735-6660-4c56-9678-5c13da8e0b65;redevelop dispose teammate
917422aa-2bd6-485e-8bcc-8ff43406c0cf;beyond
6f48d110-f413-4f41-b4fb-702909aa01f5;considering sway
8b00f155-dc24-4a1f-ac5c-9e229272f7b3;incidentally hoof marksman
cbceec2b-04b8-4348-8c13-936601bfa7f2;although
