id;title;description
ca5a8135-f7fa-4a24-9ea9-206f0a0a5429;responsive Architect Stream;PNG Usability Quality
50ce04f2-d2dc-40bc-957c-2cd07adb003b;Applications;recontextualize Fantastic Re-contextualized
3de0fe78-f14a-4f4c-86f7-e32fa49ec7da;Rustic logistical;withdrawal Refined
d4918cf8-9aa1-43fc-aa26-23263b5d2408;Developer Paradigm Kroon;Facilitator definition
7a6fe5a6-e964-4896-b834-3d42689bc015;feed;Orchestrator
b58aa4a2-6690-4ed6-a7e9-02bb9782398b;Pants Sleek Kentucky;Handmade
3e197f01-e86d-4463-b17b-67428a8e6231;tan microchip payment;Platinum Iowa
df64150e-ef0e-4035-aa51-00e572f4f11f;Rustic calculate scalable;Internal Botswana
96fc8911-22de-42d0-bd25-6c9cd2b32a19;optical Sports optical;open-source Metal pixel
88231d77-b797-4632-82ab-9a413a7e7dcf;Rupee Nebraska Dirham;program Optimization Sleek
